keyword,google_volume,competition,competition_index,cpc,bid_low,bid_high,cluster,vertical,page
legal case management software,1900,MEDIUM,48,157.28,17.1,175.15,CRM core,Legal,/best-legal-case-management-software/
legal practice management software,9900,LOW,23,151.47,17.33,195.15,CRM core,Legal,/legal-practice-management-software/
law practice management software,9900,LOW,23,151.47,17.33,195.15,CRM core,Legal,/best-legal-case-management-software/
best crm for law firms,70,MEDIUM,54,44.96,25.39,216.4,CRM core,Legal,/best-crm-for-law-firms/
law firm crm,390,MEDIUM,39,75.99,30.88,183.54,CRM core,Legal,/best-crm-for-law-firms/
legal client intake software,30,LOW,8,,32.26,182.32,CRM core,Legal,/best-crm-for-law-firms/
clio vs mycase,260,MEDIUM,56,107.73,18.84,110.88,CRM core,Legal,(new)
law firm client intake process,0,,,,,,CRM core,Legal,(new)
accounting practice management software,590,MEDIUM,48,117.23,19.32,98.65,CRM core,Accounting,/best-practice-management-accountants/
practice management software for accountants,590,MEDIUM,48,117.23,19.32,98.65,CRM core,Accounting,/best-practice-management-accountants/
cpa practice management software,110,LOW,33,62.82,18.06,76.46,CRM core,Accounting,/best-practice-management-accountants/
cpa client portal,30,MEDIUM,54,32.43,7.25,26.22,CRM core,Accounting,(new)
tax client portal,50,MEDIUM,51,27.72,10.27,27.32,CRM core,Accounting,(new)
tax document collection software,0,,,,,,CRM core,Accounting,(new)
taxdome vs karbon,30,MEDIUM,39,55.52,15,69.91,CRM core,Accounting,(new)
how to collect tax documents from clients,0,,,,,,CRM core,Accounting,(new)
agency client portal,30,MEDIUM,52,58.19,10,50.41,CRM core,Agencies,(new)
client portal for agencies,50,MEDIUM,44,29.36,9.63,31.91,CRM core,Agencies,(new)
crm for marketing agencies,390,LOW,7,92.16,13.1,78,CRM core,Agencies,(new)
crm for agencies,1000,LOW,14,49.64,9.87,53.54,CRM core,Agencies,(new)
agency client onboarding,20,MEDIUM,64,,13.53,59.5,CRM core,Agencies,(new)
crm for real estate agents,1300,MEDIUM,52,48.52,11.08,46.93,CRM core,Real estate,/best-client-management-software-real-estate/
real estate crm,4400,MEDIUM,41,36.66,7.65,34.61,CRM core,Real estate,/best-client-management-software-real-estate/
free crm for real estate agents,90,HIGH,70,32.88,10.8,36.51,CRM core,Real estate,(new)
real estate transaction management software,2400,LOW,7,29.59,8.19,33.6,CRM core,Real estate,(new)
follow up boss vs lofty,50,MEDIUM,60,24.55,5.3,24.21,CRM core,Real estate,(new)
crm for photographers,210,MEDIUM,37,29.5,5.8,38.18,CRM core,Photographers,/client-management-software-for-photographers/
photography crm,140,MEDIUM,51,22.83,4,22.49,CRM core,Photographers,/client-management-software-for-photographers/
crm for wedding photographers,20,MEDIUM,63,34.69,6.56,35.48,CRM core,Photographers,/client-management-software-for-photographers/
photography client management software,10,HIGH,76,16.97,4.7,21.37,CRM core,Photographers,/client-management-software-for-photographers/
honeybook alternatives,320,HIGH,68,25.92,8.55,27.5,CRM core,Photographers,(draft 554)
honeybook vs dubsado,390,MEDIUM,39,19.26,5.33,22.02,CRM core,Photographers,(draft 556)
honeybook pricing,1600,MEDIUM,58,2.75,1.4,11.76,CRM core,Photographers,(new)
photography contract template,1300,HIGH,90,6.09,1.14,9.85,Lifecycle spokes,Photographers,(Junia brief)
photography client questionnaire,70,MEDIUM,44,2.69,0.75,8.16,Lifecycle spokes,Photographers,/photography-client-questionnaire/
pixieset studio manager,320,LOW,26,3.5,0.17,14.53,CRM core,Photographers,(Junia brief)
crm for coaches,110,MEDIUM,62,22.58,7.25,35.34,CRM core,Coaches,/client-management-software-for-coaches/
coaching crm,110,MEDIUM,62,22.58,7.25,35.34,CRM core,Coaches,/client-management-software-for-coaches/
coaching client management software,30,LOW,13,34.47,5.76,34.51,CRM core,Coaches,/client-management-software-for-coaches/
crm for consultants,210,LOW,7,20.59,10.74,60,CRM core,Coaches,(new)
paperbell vs dubsado,0,,,,,,CRM core,Coaches,(new)
coaching client onboarding,0,,,,,,CRM core,Coaches,(new)
client management software,590,MEDIUM,42,44.78,11.9,62.89,CRM core,General,/crm-operations-best-client-management-software/
free client management software,1900,MEDIUM,46,49.06,8.04,57.91,CRM core,General,/free-client-management-software/
what is crm,33100,LOW,10,15.32,2.46,15.5,CRM core,General,/what-is-client-relationship-management-software/
crm for small business,4400,LOW,20,51.44,8.39,59.56,CRM core,General,(new)
client portal software,720,LOW,26,34.31,7.89,45.64,CRM core,General,(new)
client onboarding software,480,LOW,32,143.13,46.4,119.22,Lifecycle spokes,General,/client-onboarding-software/
customer onboarding software,480,LOW,32,143.13,46.4,119.22,Lifecycle spokes,General,/best-customer-onboarding-software/
client onboarding checklist,170,LOW,9,,6.22,25,Lifecycle spokes,General,(new)
client intake form template,480,LOW,23,8.7,4.43,16.16,Lifecycle spokes,General,(new)
client intake form,1300,LOW,32,19.81,4.93,18.49,Lifecycle spokes,General,(new)
electronic signature software,8100,LOW,9,39.92,7,51.53,Lifecycle spokes,General,/best-doc-signing-tools/
best e signature software,320,LOW,12,35.72,10.3,41.12,Lifecycle spokes,General,/best-doc-signing-tools/
form builder,2900,MEDIUM,52,19.26,5.77,21.89,Lifecycle spokes,General,/best-form-builders-for-lead-capture/
lead capture form,320,LOW,28,94.89,11.09,46.32,Lifecycle spokes,General,/best-form-builders-for-lead-capture/
proposal software,720,MEDIUM,60,74.69,18.84,76.24,Lifecycle spokes,General,(new)
proposal template,4400,HIGH,77,10.25,2.74,9.12,Lifecycle spokes,General,(new)
appointment scheduling software,2400,LOW,26,28.09,6.1,24.87,Lifecycle spokes,General,(new)
invoicing software for small business,2400,HIGH,72,62.05,11,72.75,Lifecycle spokes,General,(new)
service contract template,2400,HIGH,76,7.66,2,9.34,Lifecycle spokes,General,(new)
help desk software for small business,390,LOW,6,66.94,21.56,65.3,Lifecycle spokes,General,/help-desk-tools-for-tiny-teams-under-5/
website builder for small business,6600,MEDIUM,65,40.7,9.33,47.09,Web presence,General,/website-builders-for-service-businesses/
best website builder for service business,50,MEDIUM,43,77.79,10.18,59.82,Web presence,General,/website-builders-for-service-businesses/
website builder for consultants,10,HIGH,77,72.22,10.56,60.6,Web presence,Coaches,/website-builders-for-service-businesses/
website for photographers,390,HIGH,68,17.26,3.92,21.4,Web presence,Photographers,/website-builders-for-service-businesses/
website builder for coaches,10,MEDIUM,37,8.81,,,Web presence,Coaches,/website-builders-for-service-businesses/
