keyword,our_rank,has_ai_overview,we_are_cited,ai_overview_cites,top10
what is crm,,True,False,www.hubspot.com · www.microsoft.com · www.salesforce.com · www.youtube.com,1. www.salesforce.com · 2. www.reddit.com · 3. www.microsoft.com · 4. www.ibm.com · 5. www.hubspot.com · 6. sptechusa.com · 7. www.coursera.org · 8. pipelinecrm.com
legal practice management software,,True,False,caretlegal.com · lawyerist.com · surepoint.com · www.clio.com · www.floridabar.org · www.leanlaw.co · www.youtube.com,1. www.floridabar.org · 2. www.reddit.com · 3. surepoint.com · 4. lawyerist.com · 5. www.gartner.com · 6. www.clio.com · 7. www.eballot.com · 8. www.quickbase.com · 9. caretlegal.com
law practice management software,,True,False,caretlegal.com · lawyerist.com · surepoint.com · www.clio.com · www.floridabar.org · www.leanlaw.co · www.youtube.com,1. www.reddit.com · 2. www.floridabar.org · 3. lawyerist.com · 4. surepoint.com · 5. www.clio.com · 6. www.quickbase.com · 7. www.eballot.com · 8. www.leaplegalsoftware.com · 9. caretlegal.com
electronic signature software,,True,False,adoption.microsoft.com · www.adobe.com · www.docusign.com · www.gartner.com · www.jotform.com · www.pandadoc.com · www.sirion.ai · www.youtube.com · zapier.com,1. www.pandadoc.com · 2. www.reddit.com · 3. www.adobe.com · 4. www.getaccept.com · 5. adoption.microsoft.com · 6. boldsign.com · 7. www.docusign.com · 8. zapier.com · 9. www.signwell.com
website builder for small business,,True,False,www.canva.com · www.godaddy.com · www.reddit.com · www.spectrum.com · www.squarespace.com · www.wix.com · www.youtube.com,1. www.squarespace.com · 2. www.wix.com · 3. www.reddit.com · 4. www.godaddy.com · 5. launchthedamnthing.com · 6. www.weebly.com · 7. titan.email · 8. www.canva.com
real estate crm,,True,False,learn.realscout.com · placester.com · wiseagent.com · www.hubspot.com · www.youtube.com · zapier.com,1. wiseagent.com · 2. www.forbes.com · 3. www.salesforce.com · 4. www.reddit.com · 5. monday.com · 6. learn.realscout.com · 7. www.hubspot.com · 8. www.youtube.com · 9. zapier.com
crm for small business,,True,False,slack.com · www.hubspot.com · www.onepagecrm.com · www.salesforce.com · www.uschamber.com · www.youtube.com · www.zoho.com,1. www.hubspot.com · 2. www.reddit.com · 3. www.zoho.com · 4. www.onepagecrm.com · 5. slack.com · 6. www.uschamber.com · 7. www.youtube.com · 8. www.salesforce.com · 9. www.microsoft.com
proposal template,,False,False,,1. word.cloud.microsoft · 2. www.proposify.com · 3. www.canva.com · 4. www.adobe.com · 5. hms.harvard.edu · 6. www.lawdepot.com · 7. visme.co · 8. www.jotform.com · 9. www.smartsheet.com
form builder,,True,False,formbuilder.com · tally.so · workspace.google.com · www.123formbuilder.com · www.jotform.com,1. legal.thomsonreuters.com · 2. workspace.google.com · 3. formbuilder.com · 4. www.123formbuilder.com · 5. www.powr.io · 6. www.jotform.com · 7. www.youtube.com · 8. zapier.com · 9. forms.app
real estate transaction management software,,True,False,costarmanager.com · getperspective.ai · opentoclose.com · trackxi.com · www.docjacket.com · www.dotloop.com · www.housingwire.com · www.lwolf.com · www.youtube.com,1. opentoclose.com · 2. www.dotloop.com · 3. www.docjacket.com · 4. lwolf.com · 5. costarmanager.com · 6. www.housingwire.com · 7. www.tcdocs.com · 8. nethunt.com · 9. getperspective.ai
appointment scheduling software,,True,False,acuityscheduling.com · calendly.com · squareup.com · www.reddit.com · www.setmore.com · zapier.com,1. calendly.com · 2. zapier.com · 3. www.appointy.com · 4. www.emailtooltester.com · 5. www.setmore.com · 6. lunacal.ai · 7. en.wikipedia.org · 8. workspace.google.com · 9. www.zoho.com
invoicing software for small business,,True,False,invoicely.com · mercury.com · quickbooks.intuit.com · squareup.com · www.cnbc.com · www.forbes.com · www.waveapps.com · www.youtube.com · www.zoho.com,1. invoicely.com · 2. www.waveapps.com · 3. mercury.com · 4. www.reddit.com · 5. www.zoho.com · 6. www.cnbc.com · 7. quickbooks.intuit.com · 8. squareup.com · 9. www.forbes.com · 10. www.youtube.com
service contract template,,False,False,,1. www.docusign.com · 2. businesscontracts.utexas.edu · 3. finance.cornell.edu · 4. eforms.com · 5. workforce.org · 6. adamscontracts.legalsifter.com · 7. documentero.com · 8. www.pandadoc.com · 9. www.pinterest.com
legal case management software,,True,False,www.clio.com · www.google.com · www.legalsoft.com · www.lexisnexis.com · www.mycase.com · www.practicepanther.com · www.youtube.com,1. www.mycase.com · 2. www.harvey.ai · 3. www.reddit.com · 4. www.clio.com · 5. www.lexisnexis.com · 6. www.legalsoft.com · 7. www.smartadvocate.com · 8. legal.thomsonreuters.com · 9. lawrank.com
free client management software,,True,False,www.hubspot.com · www.uschamber.com · www.youtube.com · www.zoho.com · zapier.com,1. www.hubspot.com · 2. www.reddit.com · 3. www.freecrm.com · 4. www.cxnetwork.com · 5. www.uschamber.com · 6. thedigitalprojectmanager.com · 7. monday.com · 8. www.salesforce.com
