keyword,volume,difficulty,competitor_rank,competitor_url
invoice software for small business,2400,56,48,https://www.plutio.com/solutions/small-business/invoicing
email invoice template,880,14,30,https://www.plutio.com/templates/email-marketing-invoice
contract template for freelancers,880,5,34,https://www.plutio.com/templates/freelance-design-contract
invoice email template,880,12,48,https://www.plutio.com/templates/email-marketing-invoice
invoicing for small business,720,56,30,https://www.plutio.com/solutions/small-business/invoicing
small business invoicing,720,58,30,https://www.plutio.com/solutions/small-business/invoicing
crm studios,480,15,41,https://www.plutio.com/solutions/videographers/crm
dubsado pricing,480,1,33,https://www.plutio.com/compare/honeybook-vs-dubsado
crm studio,480,38,29,https://www.plutio.com/solutions/videographers/crm
real estate agent scheduling software,480,,3,https://www.plutio.com/solutions/real-estate-agents/scheduling
dubsado vs honeybook,390,,17,https://www.plutio.com/compare/honeybook-vs-dubsado
how to write proposal breakdown in peopleperhour,390,,28,https://www.plutio.com/freelancer-magazine/freelance-proposals
graphic design contract template,320,1,2,https://www.plutio.com/templates/freelance-design-contract
invoicing system for small business,320,61,46,https://www.plutio.com/solutions/small-business/invoicing
sample graphic design contract,320,,4,https://www.plutio.com/templates/freelance-design-contract
graphic design contract example,320,2,4,https://www.plutio.com/templates/freelance-design-contract
graphic design contract samples,320,,14,https://www.plutio.com/templates/freelance-design-contract
invoice system for small business,320,56,56,https://www.plutio.com/solutions/small-business/invoicing
honeybook alternatives,320,,16,https://www.plutio.com/alternatives/honeybook
graphic design contract examples,320,2,4,https://www.plutio.com/templates/freelance-design-contract
graphic design work contract,260,,3,https://www.plutio.com/templates/freelance-design-contract
invoice graphic design,260,,16,https://www.plutio.com/templates/graphic-design-invoice
proposal vs quote,260,,32,https://www.plutio.com/blog/proposal-vs-quote-learning-the-difference
freelance invoice generator,260,23,28,https://www.plutio.com/tools/invoice-generator
client invoicing,260,1,27,https://www.plutio.com/blog/how-to-invoice-clients-professionally-and-build-strong-and-impactful-business-relationships
proposal vs quotation,260,,32,https://www.plutio.com/blog/proposal-vs-quote-learning-the-difference
graphic design invoice,260,,20,https://www.plutio.com/templates/graphic-design-invoice
crm for therapists,260,,4,https://www.plutio.com/solutions/therapists/crm
quote or proposal,260,,44,https://www.plutio.com/blog/proposal-vs-quote-learning-the-difference
sample graphic design invoice,260,3,11,https://www.plutio.com/templates/graphic-design-invoice
writers contract template,260,,29,https://www.plutio.com/templates/copywriting-contract
contract designs,260,4,9,https://www.plutio.com/templates/freelance-design-contract
event scheduling software,260,48,48,https://www.plutio.com/solutions/event-planners/scheduling
graphic design agreement contract,210,1,4,https://www.plutio.com/templates/freelance-design-contract
invoicing software for attorneys,210,16,41,https://www.plutio.com/solutions/lawyers/invoicing
graphic design contract,210,2,5,https://www.plutio.com/templates/freelance-design-contract
marketing contract templates,210,3,25,https://www.plutio.com/templates/marketing-agreement
interior design proposals,210,,41,https://www.plutio.com/templates/interior-design-proposal
invoicing software for lawyers,210,10,35,https://www.plutio.com/solutions/lawyers/invoicing
bloom crm,210,14,37,https://www.plutio.com/alternatives/bloom
crm singlecare,210,,27,https://www.plutio.com/freelancer-magazine/best-crm-for-one-person-business
graphic design proposal template,210,,36,https://www.plutio.com/templates/graphic-design-proposal
interior design proposal template,210,,38,https://www.plutio.com/templates/interior-design-proposal
interior decoration proposal,210,,31,https://www.plutio.com/templates/interior-design-proposal
crm for photographers,210,,15,https://www.plutio.com/solutions/photographers/crm
crm accounting software,210,,33,https://www.plutio.com/solutions/bookkeepers/crm
interior design proposal,210,,41,https://www.plutio.com/templates/interior-design-proposal
proposal for interior design services,210,,14,https://www.plutio.com/templates/interior-design-proposal
crm design,210,,52,https://www.plutio.com/solutions/designers/crm
marketing agreement contract template,210,5,24,https://www.plutio.com/templates/marketing-agreement
design contract,170,6,10,https://www.plutio.com/templates/freelance-design-contract
invoice ach,170,,7,https://www.plutio.com/help/ach-payments
ach invoicing,170,2,8,https://www.plutio.com/help/ach-payments
software development contract template,170,,6,https://www.plutio.com/templates/software-development-agreement
videographer contract template,170,,33,https://www.plutio.com/templates/videographer-contract
videography contract template,170,,39,https://www.plutio.com/templates/videographer-contract
graphic design proposals,140,,22,https://www.plutio.com/templates/graphic-design-proposal-1
software crm development,140,,37,https://www.plutio.com/solutions/developers/crm
late fee for invoices,140,1,8,https://www.plutio.com/tools/late-fee-calculator
project management software client portal,140,5,35,https://www.plutio.com/solutions/agencies/client-management
crm development software,140,38,38,https://www.plutio.com/solutions/developers/crm
web design contract,140,,8,https://www.plutio.com/templates/web-design-contract
graphic design proposal,140,,35,https://www.plutio.com/templates/graphic-design-proposal-1
social media crm software,140,15,34,https://www.plutio.com/solutions/social-media-managers/crm
event management crm,140,15,41,https://www.plutio.com/solutions/event-planners/crm
website design agreement,140,1,10,https://www.plutio.com/templates/web-design-contract
crm events management,140,15,43,https://www.plutio.com/solutions/event-planners/crm
event planner crm,140,10,29,https://www.plutio.com/solutions/event-planners/crm
zoho crm alternatives,140,2,39,https://www.plutio.com/alternatives/zoho
late invoice charges,140,11,14,https://www.plutio.com/tools/late-fee-calculator
best invoice software for freelancers,140,18,58,https://www.plutio.com/solutions/freelancers/invoicing
late invoice fee,140,3,9,https://www.plutio.com/tools/late-fee-calculator
crm for software development,140,12,51,https://www.plutio.com/solutions/developers/crm
crm photography,140,,9,https://www.plutio.com/solutions/photographers/crm
free subcontractor contract template,140,,8,https://www.plutio.com/templates/subcontractor-agreement
proposal for graphic design,140,,33,https://www.plutio.com/templates/graphic-design-proposal
website design contract example,140,1,7,https://www.plutio.com/templates/web-design-contract
web design contract template,140,5,5,https://www.plutio.com/templates/web-design-contract
web design contract examples,140,1,8,https://www.plutio.com/templates/web-design-contract
overdue invoice charges,140,,11,https://www.plutio.com/tools/late-fee-calculator
late fee invoice,140,,10,https://www.plutio.com/tools/late-fee-calculator
tupelo crm,140,,35,https://www.plutio.com/solutions/small-business/crm
late fees on invoices,140,,15,https://www.plutio.com/tools/late-fee-calculator
invoice late fee,140,,7,https://www.plutio.com/tools/late-fee-calculator
photography crm,140,,21,https://www.plutio.com/solutions/photographers/crm
late fees for invoices,140,,19,https://www.plutio.com/tools/late-fee-calculator
contracts for graphic designers,140,3,4,https://www.plutio.com/templates/freelance-design-contract
web design contract agreement,140,1,10,https://www.plutio.com/templates/web-design-contract
therapist scheduling software,110,,33,https://www.plutio.com/solutions/therapists/scheduling
example of interior design proposal,110,,35,https://www.plutio.com/templates/interior-design-proposal
interior design proposal samples,110,,28,https://www.plutio.com/templates/interior-design-proposal
proposal tracking,110,,40,https://www.plutio.com/features/proposal-viewed-tracking
work crm,110,76,14,https://www.plutio.com/freelancer-magazine/best-crm-for-one-person-business
invoicing for lawyers,110,5,17,https://www.plutio.com/solutions/lawyers/invoicing
content marketing proposal template,110,,3,https://www.plutio.com/templates/content-creation-proposal
dubsado alternatives,110,,3,https://www.plutio.com/alternatives/dubsado
interior design proposal example,110,,36,https://www.plutio.com/templates/interior-design-proposal
web development contract templates,110,1,6,https://www.plutio.com/templates/web-design-contract
crm for coaches,110,,31,https://www.plutio.com/solutions/coaches/crm
event crm,110,,36,https://www.plutio.com/solutions/event-planners/crm
interior design proposal sample,110,,22,https://www.plutio.com/templates/interior-design-proposal
website development contract template,110,,4,https://www.plutio.com/templates/web-design-contract
sample website design contract,90,23,2,https://www.plutio.com/templates/web-design-contract
app proposal,90,,31,https://www.plutio.com/templates/mobile-app-development-proposal
mobile application business proposal,90,,27,https://www.plutio.com/templates/mobile-app-development-proposal
logo design proposal template,90,7,9,https://www.plutio.com/templates/logo-design-proposal
design contract template,90,1,3,https://www.plutio.com/templates/freelance-design-contract
website design contract template,90,3,5,https://www.plutio.com/templates/web-design-contract
freelance graphic design contract template,90,,3,https://www.plutio.com/templates/freelance-design-contract
digital marketing contract templates,90,3,35,https://www.plutio.com/templates/marketing-agreement
training scheduling software,90,,69,https://www.plutio.com/solutions/coaches/scheduling
apps proposal,90,16,19,https://www.plutio.com/templates/mobile-app-development-proposal
sample design contract,90,13,4,https://www.plutio.com/templates/freelance-design-contract
sample proposal for logo design,90,,7,https://www.plutio.com/templates/logo-design-proposal
mobile app business proposal,90,,36,https://www.plutio.com/templates/mobile-app-development-proposal
honeybook vs quickbooks,90,,5,https://www.plutio.com/compare/honeybook-vs-quickbooks
invoicing for photographers,90,,5,https://www.plutio.com/solutions/photographers/invoicing
crm for freelancers,90,,13,https://www.plutio.com/solutions/freelancers/crm
mobile app proposal,90,,18,https://www.plutio.com/templates/mobile-app-development-proposal
mobile application proposal,90,,18,https://www.plutio.com/templates/mobile-app-development-proposal
software for writing proposals,90,35,30,https://www.plutio.com/solutions/writers/proposals
sample freelance graphic design contract,90,,3,https://www.plutio.com/templates/freelance-design-contract
graphic design freelance contract template,90,5,4,https://www.plutio.com/templates/freelance-design-contract
sample web design contract,90,,2,https://www.plutio.com/templates/web-design-contract
website design contract,70,13,6,https://www.plutio.com/templates/web-design-contract
wedding photography proposal template,70,,30,https://www.plutio.com/templates/wedding-photography-proposal
logo design contract,70,,1,https://www.plutio.com/templates/logo-design-contract
logo proposals,70,,6,https://www.plutio.com/templates/logo-design-proposal
proposal logo design,70,,4,https://www.plutio.com/templates/logo-design-proposal
standard late fee for invoices,70,3,14,https://www.plutio.com/tools/late-fee-calculator
proposal and contract software,70,37,27,https://www.plutio.com/freelancer-magazine/best-proposal-software-for-freelancers
invoice and quote software small business,70,58,47,https://www.plutio.com/solutions/small-business/invoicing
invoicing and scheduling software,70,22,30,https://www.plutio.com/solutions/event-planners/invoicing
virtual assistant crm,70,,3,https://www.plutio.com/solutions/virtual-assistants/crm
ach invoice payment,70,6,18,https://www.plutio.com/help/ach-payments
bookkeeping crm,70,,11,https://www.plutio.com/solutions/bookkeepers/crm
crm virtual assistant,70,,13,https://www.plutio.com/solutions/virtual-assistants/crm
standard invoice late fee,70,3,10,https://www.plutio.com/tools/late-fee-calculator
proposal for logo design,70,,6,https://www.plutio.com/templates/logo-design-proposal
honeybook competitors,70,,25,https://www.plutio.com/alternatives/honeybook
typical late fees for invoices,70,4,10,https://www.plutio.com/tools/late-fee-calculator
website hosting contract template,70,,25,https://www.plutio.com/templates/web-design-contract
freelance artist contract template,70,,50,https://www.plutio.com/templates/freelance-design-contract
proposal software for accountants,70,9,18,https://www.plutio.com/solutions/accountants/proposals
multi currency invoice,70,,11,https://www.plutio.com/features/multi-currency
typical late fee for invoice,70,5,8,https://www.plutio.com/tools/late-fee-calculator
professional invoice generator,70,55,26,https://www.plutio.com/tools/invoice-generator
proposal logo,70,,4,https://www.plutio.com/templates/logo-design-proposal
freelance graphic design contract,70,,4,https://www.plutio.com/templates/freelance-design-contract
logo proposal,70,,17,https://www.plutio.com/templates/logo-design-proposal
crm for designers,70,,11,https://www.plutio.com/solutions/designers/crm
crm for bookkeepers,70,,9,https://www.plutio.com/solutions/bookkeepers/crm
video production contract template,50,,26,https://www.plutio.com/templates/videographer-contract
crm management virtual assistant,50,,9,https://www.plutio.com/solutions/virtual-assistants/crm
dubsado review,50,,35,https://www.plutio.com/compare/plutio-vs-dubsado
best freelance invoice app,50,17,32,https://www.plutio.com/solutions/designers/invoicing
ghostwriting contract template,50,,60,https://www.plutio.com/templates/copywriting-contract
difference between quote and proposal,50,,46,https://www.plutio.com/blog/proposal-vs-quote-learning-the-difference
time tracking software for designers,50,,29,https://www.plutio.com/solutions/interior-designers/time-tracking
vast action crm,50,,32,https://www.plutio.com/solutions/virtual-assistants/crm
graphic design proposal examples,50,,21,https://www.plutio.com/templates/graphic-design-proposal
graphic design proposals examples,50,,31,https://www.plutio.com/templates/graphic-design-proposal
website contract template,50,20,2,https://www.plutio.com/templates/web-design-contract
design work contract,50,2,7,https://www.plutio.com/templates/freelance-design-contract
aiga contract template,50,11,47,https://www.plutio.com/templates/freelance-design-contract
alternatives to honeybook,50,,17,https://www.plutio.com/alternatives/honeybook
freelance design contract template,50,,3,https://www.plutio.com/templates/freelance-design-contract
content for business proposal,50,26,8,https://www.plutio.com/templates/content-creation-proposal
contract for design work,50,,6,https://www.plutio.com/templates/freelance-design-contract
executive coaching proposal,50,,51,https://www.plutio.com/templates/business-coaching-proposal
time tracker for designers,50,,28,https://www.plutio.com/solutions/interior-designers/time-tracking
alternative to honeybook,50,,15,https://www.plutio.com/alternatives/honeybook
ghostwriter contract template,50,,59,https://www.plutio.com/templates/copywriting-contract
paid invoice generator,50,33,19,https://www.plutio.com/tools/invoice-generator
dubsado integrations,50,,27,https://www.plutio.com/alternatives/dubsado
marketing agency contract template,50,,24,https://www.plutio.com/templates/marketing-agreement
legal invoicing software,50,23,53,https://www.plutio.com/solutions/lawyers/invoicing
best practice management software for psychologists,50,2,59,https://www.plutio.com/solutions/therapists/crm
better proposals alternative,50,,41,https://www.plutio.com/alternatives/proposify
graphic design proposal example,50,,20,https://www.plutio.com/templates/graphic-design-proposal
executive coaching proposal template,50,,43,https://www.plutio.com/templates/business-coaching-proposal
proposal content,50,,6,https://www.plutio.com/templates/content-creation-proposal
time tracking for designers,50,,26,https://www.plutio.com/solutions/interior-designers/time-tracking
content proposal,50,,4,https://www.plutio.com/templates/content-creation-proposal
architecture invoicing software,50,,33,https://www.plutio.com/solutions/architects
freelance graphic design invoice,40,,11,https://www.plutio.com/templates/graphic-design-invoice
honeybook vs 17hats,40,,15,https://www.plutio.com/compare/17hats-vs-honeybook
project management client portal,40,7,41,https://www.plutio.com/solutions/agencies/client-management
17hats vs honeybook,40,,9,https://www.plutio.com/compare/17hats-vs-honeybook
mobile app development proposal,40,,11,https://www.plutio.com/templates/mobile-app-development-proposal
crm and billing system,40,,49,https://www.plutio.com/solutions/bookkeepers/crm
client management platform,40,25,32,https://www.plutio.com/solutions/marketers/client-management
coach scheduling software,40,,25,https://www.plutio.com/solutions/coaches/scheduling
invoice email html template,40,2,54,https://www.plutio.com/templates/email-marketing-invoice
proposal for mobile app development,40,,11,https://www.plutio.com/templates/mobile-app-development-proposal
invoice and contract software,40,55,42,https://www.plutio.com/solutions/agencies/invoicing
project management with client portal,40,8,28,https://www.plutio.com/solutions/agencies/client-management
crm for publishers,40,,46,https://www.plutio.com/solutions/writers/crm
how to write an interior design proposal,40,,36,https://www.plutio.com/templates/interior-design-proposal
html invoice email template,40,,64,https://www.plutio.com/templates/email-marketing-invoice
invoice for freelance designer,40,,11,https://www.plutio.com/templates/graphic-design-invoice
coaching scheduling software,40,,26,https://www.plutio.com/solutions/coaches/scheduling
publishing crm,40,,50,https://www.plutio.com/solutions/writers/crm
real estate invoices,40,,20,https://www.plutio.com/solutions/real-estate-agents/invoicing
invoicing for freelance designers,40,,11,https://www.plutio.com/templates/graphic-design-invoice
web design crm,40,,48,https://www.plutio.com/solutions/designers/crm
twilio invoicing,40,,47,https://www.plutio.com/product/invoicing
freelance writers contract template,40,3,8,https://www.plutio.com/templates/copywriting-contract
sample contract for logo design,40,3,1,https://www.plutio.com/templates/logo-design-contract
how to send an invoice as a freelancer,40,4,22,https://www.plutio.com/freelancer-magazine/how-to-send-a-professional-invoice
invoice freelance designer,40,,7,https://www.plutio.com/templates/graphic-design-invoice
av proposal software,40,9,68,https://www.plutio.com/solutions/videographers/proposals
logo contract template,40,,1,https://www.plutio.com/templates/logo-design-contract
interior design scope of work template,30,,29,https://www.plutio.com/templates/interior-design-proposal
logo proposal template,30,,5,https://www.plutio.com/templates/logo-design-proposal
best crm for bookkeepers,30,,5,https://www.plutio.com/solutions/bookkeepers/crm
crm software for event management,30,9,43,https://www.plutio.com/solutions/event-planners/crm
customized invoice software,30,42,46,https://www.plutio.com/solutions/designers/invoicing
design services contract template,30,4,4,https://www.plutio.com/templates/freelance-design-contract
video editor contract template,30,,50,https://www.plutio.com/templates/videographer-contract
music crm,30,,5,https://www.plutio.com/solutions/music-producers/crm
bonsai vs honeybook,30,,18,https://www.plutio.com/compare/bonsai-vs-honeybook
scheduling software development,30,,17,https://www.plutio.com/solutions/developers/scheduling
videographer contract template free,30,,22,https://www.plutio.com/templates/videographer-contract
ux designer contract,30,,10,https://www.plutio.com/templates/uiux-design-contract
entrepreneur crm,30,31,19,https://www.plutio.com/freelancer-magazine/best-crm-for-one-person-business
freelance designer invoice template,30,4,15,https://www.plutio.com/templates/graphic-design-invoice
freelance graphic designer contracts,30,,5,https://www.plutio.com/templates/freelance-design-contract
contracts for graphic designers template,30,,4,https://www.plutio.com/templates/freelance-design-contract
designers contract,30,,7,https://www.plutio.com/templates/freelance-design-contract
does honeybook integrate with quickbooks,30,,19,https://www.plutio.com/compare/honeybook-vs-quickbooks
freelance videography contract template,30,,23,https://www.plutio.com/templates/videographer-contract
small business invoice and payment processing,30,56,31,https://www.plutio.com/solutions/small-business/invoicing
what is a standard late fee for invoices,30,6,14,https://www.plutio.com/tools/late-fee-calculator
graphic design freelance invoice template,30,,8,https://www.plutio.com/templates/graphic-design-invoice
how much is dubsado,30,4,41,https://www.plutio.com/freelancer-magazine/still-using-dubsado
how to send an invoice for freelance work,30,4,49,https://www.plutio.com/freelancer-magazine/how-to-send-a-professional-invoice
crm photo,30,,43,https://www.plutio.com/solutions/photographers/crm
consulting invoice software,30,,7,https://www.plutio.com/solutions/consultants/invoicing
contract template for design services,30,5,3,https://www.plutio.com/templates/freelance-design-contract
crm event management software,30,24,47,https://www.plutio.com/solutions/event-planners/crm
crm music,30,,3,https://www.plutio.com/solutions/music-producers/crm
crm software developers,30,6,25,https://www.plutio.com/solutions/developers/crm
design a coupon for free,30,20,46,https://www.plutio.com/tools/discount-code-generator
event planning invoice,30,,9,https://www.plutio.com/solutions/event-planners/invoicing
wedding invoice,30,,29,https://www.plutio.com/templates/wedding-photography-invoice
proposal digital,30,26,10,https://www.plutio.com/templates/digital-services-proposal
freelance contracts for graphic designers,30,,7,https://www.plutio.com/templates/freelance-design-contract
freelance proposal,30,,20,https://www.plutio.com/freelancer-magazine/freelance-proposals
freelance business proposal,30,,10,https://www.plutio.com/freelancer-magazine/freelance-proposals
freelance design invoice template,30,,12,https://www.plutio.com/templates/graphic-design-invoice
contract ux designer,30,,13,https://www.plutio.com/templates/uiux-design-contract
contracts for freelance graphic designers,30,,3,https://www.plutio.com/templates/freelance-design-contract
custom invoice software,30,58,58,https://www.plutio.com/solutions/designers/invoicing
interior design billing software,30,18,43,https://www.plutio.com/solutions/interior-designers
contract template software,30,11,11,https://www.plutio.com/templates/software-development-agreement
coupon designer online,30,19,60,https://www.plutio.com/tools/discount-code-generator
crm for creatives,30,,21,https://www.plutio.com/solutions/designers/crm
event management crm software,30,20,48,https://www.plutio.com/solutions/event-planners/crm
freelance writing proposal,30,,15,https://www.plutio.com/freelancer-magazine/freelance-proposals
invoicing platforms for small business,30,58,27,https://www.plutio.com/solutions/small-business/invoicing
proposal in freelancer,30,,9,https://www.plutio.com/freelancer-magazine/freelance-proposals
interior design procurement software,30,10,42,https://www.plutio.com/solutions/interior-designers
invoice with ach info,30,,7,https://www.plutio.com/help/ach-payments
invoicing software for consultants,30,,8,https://www.plutio.com/solutions/consultants/invoicing
client management software for coaches,30,10,20,https://www.plutio.com/solutions/coaches
best crm designs,30,,42,https://www.plutio.com/solutions/designers/crm
event planner invoice,30,,10,https://www.plutio.com/solutions/event-planners/invoicing
wedding planner crm,30,,16,https://www.plutio.com/solutions/wedding-planners/crm
interior design proposal sample pdf,30,,33,https://www.plutio.com/templates/interior-design-proposal
social media crm platform,30,5,38,https://www.plutio.com/solutions/social-media-managers/crm
dubsado cost,30,5,68,https://www.plutio.com/compare/plutio-vs-dubsado
event management software crm,30,23,51,https://www.plutio.com/solutions/event-planners/crm
honeybook vs,30,,26,https://www.plutio.com/compare/honeybook-vs-quickbooks
pixieset crm,30,17,31,https://www.plutio.com/solutions/photographers
dubsado api,30,,23,https://www.plutio.com/compare/plutio-vs-dubsado
event crm software,30,11,37,https://www.plutio.com/solutions/event-planners/crm
coaching booking software,30,,35,https://www.plutio.com/solutions/coaches/scheduling
bonsai proposals,30,,18,https://www.plutio.com/alternatives/bonsai
how to calculate late fees on invoices,30,,9,https://www.plutio.com/tools/late-fee-calculator
invoicing plus,30,9,42,https://www.plutio.com/product/invoicing
coach booking software,30,,30,https://www.plutio.com/solutions/coaches/scheduling
crm billing software,30,7,43,https://www.plutio.com/solutions/small-business/crm
discount code design,30,5,21,https://www.plutio.com/tools/discount-code-generator
photo crm,30,,22,https://www.plutio.com/solutions/photographers/crm
pluto crm,30,8,4,https://www.plutio.com/
proposal and invoice software,30,24,20,https://www.plutio.com/freelancer-magazine/best-proposal-software-for-freelancers
proposal freelancer,30,,11,https://www.plutio.com/freelancer-magazine/freelance-proposals
quickbooks vs honeybook,30,,5,https://www.plutio.com/compare/honeybook-vs-quickbooks
real estate scheduling software,30,4,51,https://www.plutio.com/solutions/real-estate-agents/scheduling
crm productions,30,4,17,https://www.plutio.com/solutions/videographers/crm
design service agreement template,30,3,6,https://www.plutio.com/templates/freelance-design-contract
white label client portal software,30,2,16,https://www.plutio.com/freelancer-magazine/best-client-portal-with-white-labeling
free videography contract template,30,,25,https://www.plutio.com/templates/videographer-contract
interest on overdue invoices calculator,20,,8,https://www.plutio.com/tools/late-fee-calculator
what is the difference between a proposal and a quote,20,,43,https://www.plutio.com/blog/proposal-vs-quote-learning-the-difference
quarterly invoicing,20,,21,https://www.plutio.com/solutions/small-business/invoicing
late invoice interest calculator,20,,4,https://www.plutio.com/tools/late-fee-calculator
service invoicing software,20,58,32,https://www.plutio.com/solutions/agencies/invoicing
pr crm,20,,9,https://www.plutio.com/solutions/pr-professionals/crm
