landingPage,sessions,engagedSessions,engagementRate,averageSessionDuration,keyEvents
/,121,23,0.19008264462809918,9.111129421487604,0
/404,2,2,1,578.216751,0
(not set),1,0,0,0,0
/best-budget-standing-desk-that-doesnt-wobble,1,0,0,0,0
/best-customer-onboarding-software,1,0,0,0,0
/crm-operations-best-client-management-software,1,1,1,75.439927,0
/free-client-management-software,1,0,0,0,0
/home-page,1,0,0,6.221351,0
/latest-reviews,1,0,0,0,0
/moti,1,1,1,519.305159,0
/what-is-client-relationship-management-software,1,1,1,417.372255,0
