page,clicks,impressions,ctr,position
https://toolpickguide.com/best-budget-standing-desk-that-doesnt-wobble/,1,36,0.0278,28.7
https://toolpickguide.com/,0,5,0,45.6
https://toolpickguide.com/about/,0,3,0,34.3
https://toolpickguide.com/best-crm-for-law-firms/,0,39,0,80.7
https://toolpickguide.com/best-customer-onboarding-software/,0,52,0,90.1
https://toolpickguide.com/best-doc-signing-tools/,0,29,0,68.1
https://toolpickguide.com/best-form-builders-for-lead-capture/,0,108,0,87.7
https://toolpickguide.com/best-legal-case-management-software/,0,1,0,99
https://toolpickguide.com/best-monitor-for-spreadsheets/,0,3,0,7.3
https://toolpickguide.com/best-note-apps-for-research-consulting/,0,3,0,75.3
https://toolpickguide.com/best-vpn-for-remote-work/,0,13,0,65.4
https://toolpickguide.com/best-wifi-router-for-home-office-dead-zones/,0,4,0,9.5
https://toolpickguide.com/category/client-onboarding-legal-case-management-software/,0,3,0,55.3
https://toolpickguide.com/client-management-software-for-coaches/,0,3,0,82
https://toolpickguide.com/client-management-software-for-photographers/,0,6,0,58.7
https://toolpickguide.com/client-onboarding-software/,0,7,0,87.6
https://toolpickguide.com/cloud-storage-with-best-version-history/,0,3,0,6.7
https://toolpickguide.com/contact/,0,2,0,5.5
https://toolpickguide.com/essential-gear-for-freelancers-top-picks-to-boost-productivity/,0,39,0,179.9
https://toolpickguide.com/free-client-management-software/,0,2,0,4
https://toolpickguide.com/navigating-the-world-of-b2b-software-essential-reviews-and-comparisons/,0,36,0,42.7
https://toolpickguide.com/website-builders-for-service-businesses/,0,241,0,72.7
https://toolpickguide.com/what-is-client-relationship-management-software/,0,10,0,90.7
