query,clicks,impressions,ctr,position
"""highest rated conflict check software for mid-size law firms automating",0,1,0,99
b2b portal software comparison,0,14,0,69.7
b2b software,0,1,0,1
b2b software reviews,0,1,0,71
b2b software solutions,0,8,0,10.6
b2b softwares,0,7,0,7.1
best accessories to buy for a freelance finance workstation,0,5,0,87.4
best client onboarding software for banks,0,1,0,81
best client portals for law firms 2026,0,1,0,84
best crm for attorneys,0,2,0,80.5
best crm for law firms,0,7,0,69
best crm for lawyers,0,5,0,78.2
best crm for small law firms,0,1,0,78
best crm software for law firms,0,1,0,78
best customer onboarding software,0,7,0,82.6
best customer onboarding tools,0,1,0,78
best email marketing platforms for customer onboarding 2026,0,1,0,71
best law firm crm,0,2,0,78
best law firm intake software,0,1,0,81
best lead capture forms,0,6,0,88
best legal crm,0,1,0,77
best legal crm software,0,4,0,75
best vpn for remote access,0,1,0,72
best vpn for remote workers,0,1,0,60
best vpn for work from home,0,1,0,69
best website builder for a service business,0,5,0,62.2
best website builder for professional services,0,8,0,52.1
best website builder for service based business,0,10,0,61.7
best website builder for service business,0,20,0,51.0
best website builder for services,0,1,0,24
best website builders for service businesses,0,4,0,67.2
best website for service based business,0,1,0,74
best website for service business,0,1,0,36
best website platform for service business,0,2,0,64
blogging equipment for freelancers,0,1,0,225
business website service,0,1,0,66
business website with support,0,4,0,79.8
client customer relationship management,0,1,0,99
client onboarding,0,1,0,98
client onboarding software,0,4,0,87.8
client onboarding solutions,0,4,0,98.5
client onboarding workflow,0,1,0,86
client relations management system,0,1,0,90
client relationship management,0,4,0,95.5
client relationship management crm software,0,1,0,66
client relationship management system,0,2,0,88
coach management software systems,0,1,0,83
coaching client management software,0,1,0,80
coaching equipment for freelancers,0,1,0,214
coaching management software,0,1,0,83
crisis management equipment for freelancers,0,1,0,222
crm client relationship management,0,1,0,94
crm for law firm,0,3,0,89.3
crm for law firms,0,3,0,90.7
crm for lawyers,0,4,0,88.2
crm software for law firms,0,1,0,88
crm software for lawyers,0,1,0,88
crm software law firms,0,2,0,88.5
crm system for law firms,0,1,0,91
custom lead form builder,0,9,0,89.1
custom page builder services,0,17,0,79.4
customer onboarding platform,0,2,0,100
customer onboarding software,0,8,0,96.2
customer onboarding software solutions,0,2,0,96
customer onboarding solution,0,2,0,98.5
customer onboarding solutions,0,15,0,94.9
customer onboarding tools,0,2,0,100
digital customer onboarding software,0,2,0,99.5
digital customer onboarding solution,0,1,0,98
doc signer,0,1,0,41
doc signing,0,1,0,55
doc signs,0,1,0,35
document signer,0,1,0,67
document signers,0,1,0,79
document signing service,0,3,0,73
document signing support,0,1,0,73
document signing tool,0,1,0,82
document signing tools,0,1,0,84
documents to sign,0,1,0,72
easy document signing,0,1,0,74
ecommerce equipment for freelancers,0,1,0,212
form builder for lead data,0,8,0,93.1
form leaders,0,1,0,79
freelancing equipment for new moms,0,8,0,206.2
freelancing equipment for pet owners,0,1,0,228
freelancing equipment for small business,0,1,0,271
i'm a freelancer managing a handful of clients and i want to track deals without paying for a full crm. what are my options?,0,2,0,4
interactive lead forms,0,10,0,83.4
law firm crm systems,0,1,0,88
lead booking form builder,0,1,0,92
lead capture form builder,0,6,0,97.5
lead form builder,0,11,0,91.5
lead generation form builder,0,10,0,97.4
lead generation tools with built-in form builders,0,11,0,91.5
lead tracking form builder,0,10,0,95.7
leadformly review,0,13,0,65.2
negotiation equipment for freelancers,0,1,0,212
onboarded clients,0,1,0,78
photographer client management software,0,1,0,81
photography client management,0,2,0,90.5
photography client management software,0,1,0,79
professionals page builder services,0,18,0,82.8
project budget desk frame,0,1,0,60
remote work vpn,0,4,0,72.5
russian equipment for freelancers,0,2,0,205.5
seo-friendly website for service business,0,5,0,84.2
seo-friendly websites for service providers,0,1,0,76
service based website,0,2,0,77
service business website,0,28,0,79.2
service business website builder,0,6,0,77
service business website developer,0,4,0,94.5
service business websites,0,10,0,85.2
service-business-website,0,4,0,81.2
sign doc,0,1,0,61
sign-doc,0,1,0,58
signing docs,0,3,0,64
signing tool,0,1,0,72
signing tools,0,1,0,99
standing desk that doesn't wobble,0,1,0,10
tool guide,0,1,0,67
toolpicker,0,1,0,89
venture capital equipment for freelancers,0,12,0,230.4
vpn for remote work,0,3,0,70
vpn for remote workers,0,1,0,66
vpn remote work,0,1,0,77
website builder for service business,0,11,0,74.9
website builder for services,0,5,0,71
website builders for service businesses,0,1,0,76
website for service business,0,7,0,74.4
website for services,0,3,0,65.3
websites for service providers,0,5,0,79
what is the best website builder for local service businesses?,0,25,0,75.6
wobble desk,0,1,0,65
